asset_id,asset_type,borough,install_year,age_years,criticality,base_condition,required_skill
AST-00001,Third Rail Segment,Bronx,1990,36,4,49.8,third_rail
AST-00002,Feeder Cable,Manhattan,2023,3,2,87.4,cable
AST-00003,Third Rail Segment,Brooklyn,2010,16,2,80.5,third_rail
AST-00004,Feeder Cable,Brooklyn,2007,19,4,69.8,cable
AST-00005,Substation,Brooklyn,1994,32,4,58.3,power
AST-00006,Third Rail Segment,Bronx,2020,6,3,87.7,third_rail
AST-00007,Third Rail Segment,Manhattan,2008,18,2,76.2,third_rail
AST-00008,Third Rail Segment,Bronx,2019,7,2,100.0,third_rail
AST-00009,Substation,Bronx,1994,32,2,67.8,power
AST-00010,Feeder Cable,Queens,2000,26,1,70.2,cable
AST-00011,Circuit Breaker House,Brooklyn,2006,20,3,73.8,breaker
AST-00012,Third Rail Segment,Brooklyn,2010,16,4,78.6,third_rail
AST-00013,Feeder Cable,Brooklyn,2019,7,3,94.2,cable
AST-00014,Third Rail Segment,Queens,1989,37,1,61.5,third_rail
AST-00015,Feeder Cable,Brooklyn,2000,26,3,63.7,cable
AST-00016,Circuit Breaker House,Bronx,2013,13,3,85.3,breaker
AST-00017,Feeder Cable,Queens,2009,17,5,66.2,cable
AST-00018,Substation,Brooklyn,1996,30,2,67.0,power
AST-00019,Third Rail Segment,Queens,1997,29,3,72.0,third_rail
AST-00020,Feeder Cable,Brooklyn,2007,19,5,76.2,cable
AST-00021,Third Rail Segment,Bronx,2013,13,4,97.8,third_rail
AST-00022,Circuit Breaker House,Manhattan,1999,27,4,62.8,breaker
AST-00023,Third Rail Segment,Bronx,1999,27,3,70.5,third_rail
AST-00024,Third Rail Segment,Queens,2002,24,4,72.1,third_rail
AST-00025,Third Rail Segment,Bronx,2023,3,4,95.8,third_rail
AST-00026,Circuit Breaker House,Brooklyn,2007,19,2,77.3,breaker
AST-00027,Feeder Cable,Bronx,2001,25,4,72.0,cable
AST-00028,Substation,Brooklyn,1987,39,2,61.1,power
AST-00029,Substation,Queens,2004,22,4,84.3,power
AST-00030,Feeder Cable,Manhattan,2012,14,3,83.9,cable
AST-00031,Feeder Cable,Brooklyn,2003,23,3,79.3,cable
AST-00032,Third Rail Segment,Brooklyn,2018,8,3,85.9,third_rail
AST-00033,Circuit Breaker House,Brooklyn,2022,4,3,100.0,breaker
AST-00034,Circuit Breaker House,Brooklyn,1998,28,2,62.5,breaker
AST-00035,Feeder Cable,Queens,1986,40,3,61.6,cable
AST-00036,Circuit Breaker House,Brooklyn,1992,34,2,76.4,breaker
AST-00037,Substation,Queens,2002,24,4,71.5,power
AST-00038,Feeder Cable,Manhattan,2024,2,2,82.4,cable
AST-00039,Circuit Breaker House,Queens,1986,40,4,50.2,breaker
AST-00040,Feeder Cable,Queens,2008,18,2,87.9,cable
AST-00041,Feeder Cable,Brooklyn,2014,12,3,90.1,cable
AST-00042,Third Rail Segment,Queens,1990,36,3,60.3,third_rail
AST-00043,Feeder Cable,Bronx,1996,30,5,72.6,cable
AST-00044,Circuit Breaker House,Queens,1996,30,4,68.9,breaker
AST-00045,Third Rail Segment,Brooklyn,2014,12,3,94.7,third_rail
AST-00046,Third Rail Segment,Brooklyn,1986,40,4,60.4,third_rail
AST-00047,Circuit Breaker House,Queens,2007,19,1,88.8,breaker
AST-00048,Circuit Breaker House,Brooklyn,2004,22,3,77.2,breaker
AST-00049,Feeder Cable,Queens,1995,31,5,70.7,cable
AST-00050,Substation,Brooklyn,1999,27,3,66.8,power
AST-00051,Circuit Breaker House,Queens,2019,7,3,87.7,breaker
AST-00052,Substation,Manhattan,2013,13,4,97.0,power
AST-00053,Third Rail Segment,Manhattan,2011,15,4,84.3,third_rail
AST-00054,Feeder Cable,Bronx,1988,38,1,61.9,cable
AST-00055,Feeder Cable,Bronx,1997,29,2,67.5,cable
AST-00056,Third Rail Segment,Bronx,2011,15,3,78.6,third_rail
AST-00057,Feeder Cable,Bronx,1996,30,2,65.6,cable
AST-00058,Feeder Cable,Brooklyn,1996,30,5,75.6,cable
AST-00059,Substation,Brooklyn,2010,16,3,85.5,power
AST-00060,Substation,Manhattan,2009,17,1,68.5,power
AST-00061,Feeder Cable,Brooklyn,1990,36,2,57.1,cable
AST-00062,Feeder Cable,Manhattan,2003,23,1,86.0,cable
AST-00063,Feeder Cable,Bronx,2020,6,3,91.6,cable
AST-00064,Third Rail Segment,Manhattan,1997,29,3,54.0,third_rail
AST-00065,Feeder Cable,Manhattan,2002,24,3,85.7,cable
AST-00066,Feeder Cable,Manhattan,2005,21,4,80.6,cable
AST-00067,Feeder Cable,Manhattan,1996,30,4,65.0,cable
AST-00068,Circuit Breaker House,Manhattan,1989,37,3,54.9,breaker
AST-00069,Substation,Queens,2012,14,1,91.5,power
AST-00070,Feeder Cable,Brooklyn,2009,17,4,76.7,cable
AST-00071,Circuit Breaker House,Queens,2018,8,4,98.8,breaker
AST-00072,Feeder Cable,Bronx,2000,26,4,73.9,cable
AST-00073,Third Rail Segment,Queens,2009,17,4,82.2,third_rail
AST-00074,Circuit Breaker House,Queens,2012,14,2,84.9,breaker
AST-00075,Substation,Brooklyn,1998,28,5,66.6,power
AST-00076,Circuit Breaker House,Manhattan,2009,17,2,87.8,breaker
AST-00077,Circuit Breaker House,Brooklyn,2007,19,4,72.1,breaker
AST-00078,Feeder Cable,Bronx,2008,18,2,67.9,cable
AST-00079,Feeder Cable,Queens,2015,11,2,91.7,cable
AST-00080,Third Rail Segment,Brooklyn,2020,6,5,97.5,third_rail
AST-00081,Feeder Cable,Brooklyn,1992,34,3,64.3,cable
AST-00082,Feeder Cable,Bronx,2022,4,4,98.3,cable
AST-00083,Third Rail Segment,Queens,2013,13,3,82.8,third_rail
AST-00084,Substation,Queens,1999,27,3,74.5,power
AST-00085,Substation,Bronx,2020,6,5,92.8,power
AST-00086,Substation,Queens,1999,27,3,65.5,power
AST-00087,Feeder Cable,Queens,1996,30,1,63.3,cable
AST-00088,Feeder Cable,Manhattan,1999,27,2,83.1,cable
AST-00089,Substation,Manhattan,2013,13,4,72.9,power
AST-00090,Feeder Cable,Bronx,2025,1,4,100.0,cable
AST-00091,Substation,Queens,1990,36,2,46.8,power
AST-00092,Feeder Cable,Brooklyn,2012,14,2,83.1,cable
AST-00093,Feeder Cable,Queens,1993,33,3,59.0,cable
AST-00094,Circuit Breaker House,Manhattan,2018,8,3,76.2,breaker
AST-00095,Circuit Breaker House,Queens,2019,7,2,94.7,breaker
AST-00096,Feeder Cable,Manhattan,1994,32,3,60.5,cable
AST-00097,Circuit Breaker House,Queens,1988,38,2,41.6,breaker
AST-00098,Substation,Brooklyn,1991,35,4,65.6,power
AST-00099,Substation,Brooklyn,1995,31,4,74.4,power
AST-00100,Third Rail Segment,Manhattan,2016,10,3,98.9,third_rail
AST-00101,Third Rail Segment,Queens,1989,37,3,60.0,third_rail
AST-00102,Feeder Cable,Manhattan,1999,27,3,69.3,cable
AST-00103,Circuit Breaker House,Manhattan,2019,7,2,100.0,breaker
AST-00104,Third Rail Segment,Queens,2020,6,2,100.0,third_rail
AST-00105,Third Rail Segment,Brooklyn,1991,35,2,67.7,third_rail
AST-00106,Feeder Cable,Brooklyn,2014,12,3,79.6,cable
AST-00107,Feeder Cable,Manhattan,1995,31,2,65.8,cable
AST-00108,Circuit Breaker House,Bronx,2020,6,3,96.2,breaker
AST-00109,Substation,Brooklyn,2014,12,4,73.5,power
AST-00110,Third Rail Segment,Manhattan,2014,12,2,89.5,third_rail
AST-00111,Feeder Cable,Brooklyn,2014,12,3,100.0,cable
AST-00112,Circuit Breaker House,Manhattan,1999,27,3,73.4,breaker
AST-00113,Circuit Breaker House,Brooklyn,1989,37,4,67.8,breaker
AST-00114,Feeder Cable,Manhattan,1989,37,3,58.7,cable
AST-00115,Substation,Manhattan,1996,30,2,65.0,power
AST-00116,Third Rail Segment,Brooklyn,2017,9,2,92.3,third_rail
AST-00117,Third Rail Segment,Bronx,1987,39,3,49.4,third_rail
AST-00118,Feeder Cable,Manhattan,2004,22,4,68.0,cable
AST-00119,Feeder Cable,Manhattan,2004,22,1,83.6,cable
AST-00120,Feeder Cable,Bronx,1997,29,4,76.3,cable
AST-00121,Feeder Cable,Bronx,1995,31,4,57.4,cable
AST-00122,Feeder Cable,Queens,1987,39,3,61.9,cable
AST-00123,Substation,Manhattan,2002,24,4,71.8,power
AST-00124,Feeder Cable,Brooklyn,2001,25,2,73.6,cable
AST-00125,Substation,Manhattan,1996,30,3,68.7,power
AST-00126,Feeder Cable,Manhattan,2015,11,2,94.3,cable
AST-00127,Circuit Breaker House,Brooklyn,2013,13,1,85.6,breaker
AST-00128,Substation,Queens,2000,26,4,80.0,power
AST-00129,Substation,Brooklyn,2023,3,2,98.7,power
AST-00130,Feeder Cable,Queens,2013,13,3,89.4,cable
AST-00131,Substation,Brooklyn,1997,29,2,60.8,power
AST-00132,Third Rail Segment,Brooklyn,1986,40,2,69.1,third_rail
AST-00133,Feeder Cable,Queens,2005,21,3,79.1,cable
AST-00134,Circuit Breaker House,Bronx,2010,16,2,86.6,breaker
AST-00135,Feeder Cable,Brooklyn,2008,18,4,68.0,cable
AST-00136,Substation,Queens,1998,28,4,62.0,power
AST-00137,Third Rail Segment,Brooklyn,2004,22,4,83.4,third_rail
AST-00138,Feeder Cable,Manhattan,2025,1,3,100.0,cable
AST-00139,Third Rail Segment,Queens,2004,22,5,61.3,third_rail
AST-00140,Substation,Manhattan,2009,17,2,87.7,power
AST-00141,Feeder Cable,Brooklyn,1997,29,3,62.8,cable
AST-00142,Feeder Cable,Brooklyn,1990,36,4,68.5,cable
AST-00143,Third Rail Segment,Manhattan,1987,39,4,54.5,third_rail
AST-00144,Feeder Cable,Manhattan,2001,25,2,72.7,cable
AST-00145,Feeder Cable,Brooklyn,2011,15,3,91.0,cable
AST-00146,Circuit Breaker House,Bronx,2008,18,5,73.0,breaker
AST-00147,Circuit Breaker House,Queens,2018,8,4,83.9,breaker
AST-00148,Feeder Cable,Brooklyn,1988,38,3,54.9,cable
AST-00149,Feeder Cable,Manhattan,1992,34,3,66.7,cable
AST-00150,Substation,Queens,1991,35,3,50.4,power
AST-00151,Third Rail Segment,Manhattan,2012,14,3,72.2,third_rail
AST-00152,Third Rail Segment,Brooklyn,2013,13,3,90.8,third_rail
AST-00153,Substation,Queens,1991,35,3,55.5,power
AST-00154,Feeder Cable,Brooklyn,2004,22,3,72.0,cable
AST-00155,Substation,Brooklyn,1997,29,3,53.7,power
AST-00156,Feeder Cable,Manhattan,2006,20,4,72.2,cable
AST-00157,Circuit Breaker House,Manhattan,2008,18,5,79.2,breaker
AST-00158,Feeder Cable,Brooklyn,2000,26,1,76.6,cable
AST-00159,Feeder Cable,Bronx,1993,33,4,56.7,cable
AST-00160,Third Rail Segment,Manhattan,2012,14,2,95.5,third_rail
AST-00161,Substation,Queens,1993,33,4,57.3,power
AST-00162,Third Rail Segment,Queens,2016,10,3,83.7,third_rail
AST-00163,Circuit Breaker House,Manhattan,2009,17,4,91.2,breaker
AST-00164,Substation,Manhattan,1989,37,4,58.9,power
AST-00165,Feeder Cable,Brooklyn,1987,39,3,51.3,cable
AST-00166,Circuit Breaker House,Queens,1989,37,4,56.4,breaker
AST-00167,Third Rail Segment,Brooklyn,2013,13,1,94.5,third_rail
AST-00168,Third Rail Segment,Queens,1992,34,5,71.2,third_rail
AST-00169,Circuit Breaker House,Bronx,1988,38,4,50.6,breaker
AST-00170,Third Rail Segment,Queens,1986,40,4,53.7,third_rail
AST-00171,Circuit Breaker House,Bronx,2025,1,2,99.5,breaker
AST-00172,Feeder Cable,Queens,1996,30,2,58.6,cable
AST-00173,Circuit Breaker House,Bronx,1986,40,3,53.6,breaker
AST-00174,Third Rail Segment,Bronx,1995,31,3,64.4,third_rail
AST-00175,Substation,Queens,2016,10,3,96.5,power
AST-00176,Substation,Queens,1995,31,4,72.8,power
AST-00177,Feeder Cable,Bronx,2021,5,1,91.9,cable
AST-00178,Third Rail Segment,Brooklyn,2006,20,4,75.5,third_rail
AST-00179,Third Rail Segment,Queens,2000,26,3,74.8,third_rail
AST-00180,Feeder Cable,Brooklyn,2007,19,3,74.1,cable
AST-00181,Third Rail Segment,Bronx,1998,28,2,71.9,third_rail
AST-00182,Third Rail Segment,Brooklyn,2016,10,4,87.9,third_rail
AST-00183,Feeder Cable,Queens,2001,25,1,64.5,cable
AST-00184,Circuit Breaker House,Queens,2000,26,4,63.4,breaker
AST-00185,Third Rail Segment,Bronx,2000,26,2,80.2,third_rail
AST-00186,Feeder Cable,Manhattan,2014,12,3,85.1,cable
AST-00187,Circuit Breaker House,Queens,2013,13,3,96.5,breaker
AST-00188,Substation,Queens,2015,11,4,83.8,power
AST-00189,Feeder Cable,Bronx,2007,19,3,80.2,cable
AST-00190,Circuit Breaker House,Bronx,2002,24,3,89.1,breaker
AST-00191,Third Rail Segment,Queens,2011,15,3,75.3,third_rail
AST-00192,Circuit Breaker House,Queens,2009,17,4,67.2,breaker
AST-00193,Substation,Manhattan,2014,12,4,95.2,power
AST-00194,Third Rail Segment,Bronx,2017,9,3,83.9,third_rail
AST-00195,Substation,Brooklyn,1999,27,3,68.8,power
AST-00196,Substation,Queens,1993,33,2,57.9,power
AST-00197,Feeder Cable,Queens,2014,12,4,88.1,cable
AST-00198,Third Rail Segment,Brooklyn,1991,35,1,53.1,third_rail
AST-00199,Circuit Breaker House,Manhattan,2003,23,4,72.3,breaker
AST-00200,Circuit Breaker House,Manhattan,2019,7,3,95.1,breaker
AST-00201,Third Rail Segment,Bronx,2011,15,5,75.7,third_rail
AST-00202,Third Rail Segment,Brooklyn,2025,1,2,93.9,third_rail
AST-00203,Feeder Cable,Manhattan,2024,2,3,95.3,cable
AST-00204,Substation,Queens,2012,14,5,73.9,power
AST-00205,Substation,Brooklyn,2007,19,4,75.2,power
AST-00206,Circuit Breaker House,Bronx,1994,32,3,64.0,breaker
AST-00207,Substation,Brooklyn,2020,6,3,90.3,power
AST-00208,Feeder Cable,Manhattan,1992,34,3,59.0,cable
AST-00209,Substation,Manhattan,2016,10,3,88.4,power
AST-00210,Feeder Cable,Brooklyn,2020,6,3,88.5,cable
AST-00211,Feeder Cable,Brooklyn,1998,28,3,72.6,cable
AST-00212,Feeder Cable,Queens,1995,31,2,74.4,cable
AST-00213,Circuit Breaker House,Brooklyn,2001,25,3,68.0,breaker
AST-00214,Third Rail Segment,Brooklyn,2021,5,4,97.6,third_rail
AST-00215,Feeder Cable,Brooklyn,2021,5,3,92.6,cable
AST-00216,Feeder Cable,Brooklyn,2010,16,2,84.2,cable
AST-00217,Substation,Bronx,2007,19,4,89.1,power
AST-00218,Substation,Manhattan,1986,40,4,57.6,power
AST-00219,Third Rail Segment,Bronx,2014,12,2,73.8,third_rail
AST-00220,Circuit Breaker House,Brooklyn,2018,8,3,94.0,breaker
AST-00221,Circuit Breaker House,Manhattan,1988,38,2,64.9,breaker
AST-00222,Feeder Cable,Manhattan,2019,7,2,90.4,cable
AST-00223,Feeder Cable,Manhattan,2024,2,3,100.0,cable
AST-00224,Third Rail Segment,Queens,2009,17,4,75.6,third_rail
AST-00225,Circuit Breaker House,Brooklyn,2009,17,3,70.1,breaker
AST-00226,Third Rail Segment,Brooklyn,2001,25,4,72.2,third_rail
AST-00227,Substation,Queens,1990,36,3,46.3,power
AST-00228,Feeder Cable,Queens,1988,38,3,54.6,cable
AST-00229,Feeder Cable,Bronx,2014,12,3,95.2,cable
AST-00230,Substation,Bronx,1986,40,4,40.6,power
AST-00231,Substation,Queens,2000,26,3,61.1,power
AST-00232,Feeder Cable,Queens,2023,3,2,89.3,cable
AST-00233,Third Rail Segment,Queens,1988,38,2,55.9,third_rail
AST-00234,Feeder Cable,Brooklyn,2020,6,3,90.5,cable
AST-00235,Third Rail Segment,Queens,2002,24,2,82.2,third_rail
AST-00236,Third Rail Segment,Manhattan,1994,32,4,69.9,third_rail
AST-00237,Feeder Cable,Queens,2016,10,3,92.0,cable
AST-00238,Third Rail Segment,Bronx,2015,11,5,88.4,third_rail
AST-00239,Substation,Manhattan,2006,20,1,79.8,power
AST-00240,Substation,Bronx,1990,36,3,52.6,power
AST-00241,Third Rail Segment,Bronx,2017,9,2,95.7,third_rail
AST-00242,Third Rail Segment,Manhattan,1999,27,3,61.2,third_rail
AST-00243,Circuit Breaker House,Brooklyn,2007,19,3,84.0,breaker
AST-00244,Feeder Cable,Bronx,2021,5,1,100.0,cable
AST-00245,Feeder Cable,Bronx,1997,29,3,68.1,cable
AST-00246,Third Rail Segment,Manhattan,1992,34,5,59.7,third_rail
AST-00247,Feeder Cable,Brooklyn,2002,24,3,75.2,cable
AST-00248,Feeder Cable,Queens,2018,8,3,70.8,cable
AST-00249,Circuit Breaker House,Manhattan,2019,7,4,94.1,breaker
AST-00250,Feeder Cable,Brooklyn,2009,17,3,79.7,cable
AST-00251,Feeder Cable,Manhattan,2005,21,3,75.5,cable
AST-00252,Third Rail Segment,Manhattan,2003,23,1,78.5,third_rail
AST-00253,Feeder Cable,Queens,2016,10,4,88.0,cable
AST-00254,Circuit Breaker House,Queens,2005,21,3,67.9,breaker
AST-00255,Circuit Breaker House,Queens,2014,12,2,85.2,breaker
AST-00256,Feeder Cable,Queens,1998,28,3,68.3,cable
AST-00257,Third Rail Segment,Brooklyn,1994,32,3,64.0,third_rail
AST-00258,Substation,Brooklyn,1999,27,3,70.1,power
AST-00259,Substation,Manhattan,2025,1,4,100.0,power
AST-00260,Feeder Cable,Manhattan,1986,40,2,46.4,cable
AST-00261,Substation,Brooklyn,2025,1,4,100.0,power
AST-00262,Third Rail Segment,Manhattan,1986,40,2,63.0,third_rail
AST-00263,Circuit Breaker House,Manhattan,2024,2,3,85.6,breaker
AST-00264,Substation,Manhattan,2005,21,5,77.1,power
AST-00265,Third Rail Segment,Queens,2021,5,4,90.2,third_rail
AST-00266,Substation,Queens,2022,4,3,92.8,power
AST-00267,Circuit Breaker House,Bronx,1998,28,2,61.5,breaker
AST-00268,Substation,Queens,1996,30,3,64.3,power
AST-00269,Substation,Queens,2021,5,3,100.0,power
AST-00270,Substation,Manhattan,1986,40,3,45.1,power
AST-00271,Substation,Queens,2013,13,3,76.9,power
AST-00272,Substation,Manhattan,2013,13,3,75.9,power
AST-00273,Substation,Brooklyn,2014,12,3,98.3,power
AST-00274,Feeder Cable,Brooklyn,2007,19,2,74.9,cable
AST-00275,Feeder Cable,Brooklyn,2018,8,3,90.6,cable
AST-00276,Circuit Breaker House,Brooklyn,2009,17,4,77.6,breaker
AST-00277,Circuit Breaker House,Queens,2017,9,2,83.0,breaker
AST-00278,Feeder Cable,Bronx,2023,3,3,94.9,cable
AST-00279,Third Rail Segment,Queens,2011,15,2,100.0,third_rail
AST-00280,Third Rail Segment,Queens,1999,27,3,78.7,third_rail
AST-00281,Substation,Brooklyn,1995,31,3,58.4,power
AST-00282,Circuit Breaker House,Manhattan,2011,15,5,87.3,breaker
AST-00283,Circuit Breaker House,Queens,2013,13,4,79.2,breaker
AST-00284,Circuit Breaker House,Brooklyn,1994,32,2,50.8,breaker
AST-00285,Feeder Cable,Brooklyn,1998,28,4,74.9,cable
AST-00286,Feeder Cable,Brooklyn,1992,34,2,69.0,cable
AST-00287,Substation,Bronx,1989,37,3,64.8,power
AST-00288,Circuit Breaker House,Queens,1993,33,4,58.8,breaker
AST-00289,Feeder Cable,Brooklyn,1988,38,3,55.1,cable
AST-00290,Substation,Queens,2009,17,4,85.7,power
AST-00291,Third Rail Segment,Brooklyn,2010,16,2,84.3,third_rail
AST-00292,Substation,Brooklyn,2013,13,3,82.3,power
AST-00293,Third Rail Segment,Brooklyn,2016,10,3,77.2,third_rail
AST-00294,Substation,Brooklyn,1996,30,3,66.3,power
AST-00295,Third Rail Segment,Queens,1997,29,4,74.2,third_rail
AST-00296,Third Rail Segment,Manhattan,1993,33,4,53.7,third_rail
AST-00297,Third Rail Segment,Queens,2019,7,5,96.4,third_rail
AST-00298,Third Rail Segment,Brooklyn,2006,20,5,79.3,third_rail
AST-00299,Third Rail Segment,Queens,2017,9,2,94.9,third_rail
AST-00300,Feeder Cable,Queens,1990,36,3,64.7,cable
AST-00301,Third Rail Segment,Queens,2015,11,2,82.5,third_rail
AST-00302,Substation,Queens,2020,6,2,81.8,power
AST-00303,Feeder Cable,Bronx,2003,23,3,69.8,cable
AST-00304,Feeder Cable,Brooklyn,1990,36,2,64.8,cable
AST-00305,Third Rail Segment,Queens,1989,37,2,53.7,third_rail
AST-00306,Feeder Cable,Queens,2022,4,3,90.5,cable
AST-00307,Circuit Breaker House,Manhattan,2012,14,2,71.2,breaker
AST-00308,Feeder Cable,Brooklyn,2019,7,4,100.0,cable
AST-00309,Circuit Breaker House,Brooklyn,2013,13,2,90.8,breaker
AST-00310,Substation,Brooklyn,2004,22,5,80.1,power
AST-00311,Feeder Cable,Brooklyn,2014,12,3,93.0,cable
AST-00312,Feeder Cable,Brooklyn,2023,3,3,100.0,cable
AST-00313,Circuit Breaker House,Queens,2005,21,2,74.1,breaker
AST-00314,Circuit Breaker House,Manhattan,2023,3,5,95.4,breaker
AST-00315,Circuit Breaker House,Queens,2016,10,4,85.5,breaker
AST-00316,Circuit Breaker House,Brooklyn,2025,1,3,100.0,breaker
AST-00317,Circuit Breaker House,Queens,2022,4,2,99.3,breaker
AST-00318,Feeder Cable,Manhattan,2008,18,3,76.1,cable
AST-00319,Circuit Breaker House,Brooklyn,1991,35,2,63.0,breaker
AST-00320,Third Rail Segment,Manhattan,1995,31,5,57.3,third_rail
AST-00321,Third Rail Segment,Queens,2022,4,4,100.0,third_rail
AST-00322,Feeder Cable,Brooklyn,2024,2,3,93.1,cable
AST-00323,Circuit Breaker House,Bronx,2012,14,1,87.4,breaker
AST-00324,Feeder Cable,Brooklyn,1999,27,2,76.4,cable
AST-00325,Third Rail Segment,Queens,1996,30,4,68.2,third_rail
AST-00326,Feeder Cable,Brooklyn,1993,33,4,62.7,cable
AST-00327,Third Rail Segment,Queens,2012,14,4,84.0,third_rail
AST-00328,Feeder Cable,Brooklyn,2019,7,2,91.6,cable
AST-00329,Feeder Cable,Brooklyn,2024,2,4,93.7,cable
AST-00330,Circuit Breaker House,Manhattan,2020,6,4,90.0,breaker
AST-00331,Feeder Cable,Manhattan,2023,3,2,100.0,cable
AST-00332,Circuit Breaker House,Manhattan,1991,35,3,59.0,breaker
AST-00333,Feeder Cable,Bronx,2015,11,3,81.8,cable
AST-00334,Third Rail Segment,Brooklyn,1993,33,3,58.4,third_rail
AST-00335,Substation,Manhattan,2003,23,1,81.3,power
AST-00336,Feeder Cable,Bronx,2004,22,3,79.4,cable
AST-00337,Substation,Manhattan,2007,19,3,82.1,power
AST-00338,Feeder Cable,Brooklyn,1993,33,3,60.2,cable
AST-00339,Substation,Queens,2024,2,3,100.0,power
AST-00340,Third Rail Segment,Bronx,2022,4,3,90.9,third_rail
AST-00341,Substation,Queens,2009,17,3,78.6,power
AST-00342,Third Rail Segment,Brooklyn,2010,16,4,88.4,third_rail
AST-00343,Third Rail Segment,Bronx,2004,22,3,80.8,third_rail
AST-00344,Feeder Cable,Manhattan,1996,30,3,58.6,cable
AST-00345,Third Rail Segment,Bronx,2002,24,3,66.4,third_rail
AST-00346,Third Rail Segment,Bronx,2015,11,1,88.1,third_rail
AST-00347,Third Rail Segment,Bronx,2012,14,4,96.0,third_rail
AST-00348,Circuit Breaker House,Brooklyn,1995,31,3,50.9,breaker
AST-00349,Feeder Cable,Manhattan,2017,9,3,91.6,cable
AST-00350,Substation,Queens,2005,21,4,66.2,power
AST-00351,Feeder Cable,Brooklyn,2004,22,1,70.3,cable
AST-00352,Substation,Brooklyn,1995,31,1,61.8,power
AST-00353,Feeder Cable,Bronx,1997,29,3,63.7,cable
AST-00354,Feeder Cable,Queens,2007,19,3,74.4,cable
AST-00355,Feeder Cable,Brooklyn,2013,13,3,85.1,cable
AST-00356,Feeder Cable,Brooklyn,2011,15,3,79.0,cable
AST-00357,Third Rail Segment,Manhattan,2009,17,4,70.2,third_rail
AST-00358,Third Rail Segment,Manhattan,2017,9,4,95.1,third_rail
AST-00359,Feeder Cable,Manhattan,2000,26,4,75.4,cable
AST-00360,Feeder Cable,Queens,2017,9,3,95.6,cable
AST-00361,Third Rail Segment,Queens,2000,26,1,59.3,third_rail
AST-00362,Substation,Brooklyn,1995,31,4,66.4,power
AST-00363,Substation,Brooklyn,1987,39,4,59.9,power
AST-00364,Substation,Queens,2021,5,4,87.0,power
AST-00365,Feeder Cable,Queens,1995,31,2,64.4,cable
AST-00366,Feeder Cable,Bronx,2022,4,4,94.6,cable
AST-00367,Third Rail Segment,Brooklyn,2012,14,4,96.8,third_rail
AST-00368,Feeder Cable,Queens,2018,8,5,100.0,cable
AST-00369,Circuit Breaker House,Brooklyn,2019,7,2,80.3,breaker
AST-00370,Third Rail Segment,Brooklyn,2018,8,3,100.0,third_rail
AST-00371,Third Rail Segment,Bronx,2024,2,4,91.3,third_rail
AST-00372,Circuit Breaker House,Brooklyn,1993,33,3,68.9,breaker
AST-00373,Circuit Breaker House,Brooklyn,2023,3,2,100.0,breaker
AST-00374,Circuit Breaker House,Brooklyn,2010,16,4,74.6,breaker
AST-00375,Substation,Brooklyn,1998,28,4,71.3,power
AST-00376,Substation,Brooklyn,1986,40,3,53.2,power
AST-00377,Third Rail Segment,Queens,1991,35,3,63.6,third_rail
AST-00378,Feeder Cable,Brooklyn,2020,6,3,94.7,cable
AST-00379,Circuit Breaker House,Manhattan,1986,40,5,62.4,breaker
AST-00380,Feeder Cable,Bronx,1999,27,2,69.5,cable
AST-00381,Feeder Cable,Brooklyn,2018,8,3,89.6,cable
AST-00382,Third Rail Segment,Bronx,2008,18,3,87.0,third_rail
AST-00383,Third Rail Segment,Manhattan,1989,37,4,61.5,third_rail
AST-00384,Feeder Cable,Queens,2010,16,2,86.7,cable
AST-00385,Circuit Breaker House,Brooklyn,2018,8,2,86.1,breaker
AST-00386,Third Rail Segment,Queens,1990,36,1,51.3,third_rail
AST-00387,Feeder Cable,Manhattan,1987,39,3,51.2,cable
AST-00388,Third Rail Segment,Bronx,1986,40,2,49.7,third_rail
AST-00389,Substation,Brooklyn,1987,39,3,60.7,power
AST-00390,Third Rail Segment,Queens,1991,35,4,66.6,third_rail
AST-00391,Feeder Cable,Brooklyn,2007,19,3,77.1,cable
AST-00392,Substation,Manhattan,2018,8,3,100.0,power
AST-00393,Feeder Cable,Brooklyn,2001,25,3,80.8,cable
AST-00394,Feeder Cable,Brooklyn,2017,9,4,91.4,cable
AST-00395,Substation,Brooklyn,2007,19,4,72.4,power
AST-00396,Feeder Cable,Queens,1999,27,3,80.0,cable
AST-00397,Third Rail Segment,Brooklyn,1988,38,3,55.9,third_rail
AST-00398,Circuit Breaker House,Manhattan,2014,12,4,87.1,breaker
AST-00399,Feeder Cable,Manhattan,2015,11,4,85.0,cable
AST-00400,Feeder Cable,Manhattan,1996,30,2,59.3,cable
AST-00401,Circuit Breaker House,Manhattan,2025,1,4,88.6,breaker
AST-00402,Third Rail Segment,Queens,2003,23,2,78.0,third_rail
AST-00403,Third Rail Segment,Manhattan,1996,30,5,60.0,third_rail
AST-00404,Substation,Bronx,2003,23,4,95.0,power
AST-00405,Third Rail Segment,Manhattan,2010,16,3,74.0,third_rail
AST-00406,Third Rail Segment,Manhattan,1992,34,3,52.1,third_rail
AST-00407,Circuit Breaker House,Bronx,2011,15,3,86.3,breaker
AST-00408,Third Rail Segment,Brooklyn,1997,29,4,77.4,third_rail
AST-00409,Substation,Brooklyn,2007,19,3,78.6,power
AST-00410,Third Rail Segment,Bronx,2024,2,3,100.0,third_rail
AST-00411,Feeder Cable,Bronx,2004,22,4,61.8,cable
AST-00412,Feeder Cable,Queens,2024,2,3,93.0,cable
AST-00413,Substation,Manhattan,1988,38,3,48.8,power
AST-00414,Third Rail Segment,Queens,2001,25,2,58.0,third_rail
AST-00415,Substation,Bronx,2011,15,2,83.6,power
AST-00416,Circuit Breaker House,Bronx,2006,20,1,61.3,breaker
AST-00417,Substation,Manhattan,2001,25,4,62.0,power
AST-00418,Third Rail Segment,Brooklyn,2015,11,5,83.6,third_rail
AST-00419,Circuit Breaker House,Brooklyn,2014,12,5,80.4,breaker
AST-00420,Third Rail Segment,Manhattan,2009,17,2,83.2,third_rail
AST-00421,Feeder Cable,Queens,2015,11,4,89.5,cable
AST-00422,Substation,Brooklyn,1995,31,5,70.6,power
AST-00423,Substation,Brooklyn,2021,5,3,99.5,power
AST-00424,Substation,Manhattan,1992,34,3,68.9,power
AST-00425,Feeder Cable,Brooklyn,2012,14,1,83.9,cable
AST-00426,Third Rail Segment,Manhattan,2003,23,3,75.7,third_rail
AST-00427,Circuit Breaker House,Brooklyn,2019,7,2,95.5,breaker
AST-00428,Third Rail Segment,Manhattan,2010,16,3,82.6,third_rail
AST-00429,Substation,Bronx,1995,31,2,61.6,power
AST-00430,Third Rail Segment,Manhattan,2015,11,4,85.0,third_rail
AST-00431,Third Rail Segment,Brooklyn,2020,6,4,87.4,third_rail
AST-00432,Third Rail Segment,Manhattan,2005,21,2,78.8,third_rail
AST-00433,Feeder Cable,Manhattan,2019,7,2,91.3,cable
AST-00434,Third Rail Segment,Manhattan,2013,13,1,80.4,third_rail
AST-00435,Substation,Manhattan,2007,19,3,73.5,power
AST-00436,Circuit Breaker House,Manhattan,2003,23,3,65.1,breaker
AST-00437,Substation,Brooklyn,2000,26,2,77.0,power
AST-00438,Feeder Cable,Queens,1998,28,4,68.4,cable
AST-00439,Feeder Cable,Manhattan,1992,34,3,54.9,cable
AST-00440,Feeder Cable,Brooklyn,2023,3,2,100.0,cable
AST-00441,Third Rail Segment,Queens,2011,15,3,78.8,third_rail
AST-00442,Substation,Manhattan,2025,1,4,89.0,power
AST-00443,Feeder Cable,Brooklyn,2025,1,4,100.0,cable
AST-00444,Circuit Breaker House,Manhattan,2017,9,3,85.9,breaker
AST-00445,Circuit Breaker House,Manhattan,2002,24,4,69.5,breaker
AST-00446,Feeder Cable,Brooklyn,1990,36,2,58.9,cable
AST-00447,Third Rail Segment,Bronx,1995,31,3,72.3,third_rail
AST-00448,Feeder Cable,Bronx,2000,26,3,70.2,cable
AST-00449,Substation,Bronx,1994,32,3,54.8,power
AST-00450,Feeder Cable,Brooklyn,2019,7,4,95.8,cable
AST-00451,Substation,Manhattan,1992,34,2,57.5,power
AST-00452,Third Rail Segment,Brooklyn,1990,36,4,71.8,third_rail
AST-00453,Feeder Cable,Manhattan,2022,4,4,95.4,cable
AST-00454,Substation,Manhattan,2007,19,1,62.5,power
AST-00455,Substation,Manhattan,1992,34,4,63.4,power
AST-00456,Circuit Breaker House,Brooklyn,2006,20,1,90.6,breaker
AST-00457,Third Rail Segment,Brooklyn,1992,34,3,71.9,third_rail
AST-00458,Feeder Cable,Manhattan,1988,38,4,69.1,cable
AST-00459,Third Rail Segment,Queens,2007,19,3,71.0,third_rail
AST-00460,Feeder Cable,Brooklyn,2023,3,2,100.0,cable
AST-00461,Feeder Cable,Bronx,2012,14,2,78.8,cable
AST-00462,Substation,Manhattan,2017,9,4,91.2,power
AST-00463,Third Rail Segment,Brooklyn,2007,19,1,69.2,third_rail
AST-00464,Circuit Breaker House,Manhattan,2002,24,4,67.9,breaker
AST-00465,Feeder Cable,Brooklyn,2007,19,3,73.4,cable
AST-00466,Feeder Cable,Manhattan,2018,8,2,97.1,cable
AST-00467,Feeder Cable,Manhattan,2013,13,3,90.7,cable
AST-00468,Third Rail Segment,Queens,1998,28,2,69.7,third_rail
AST-00469,Substation,Brooklyn,2024,2,4,88.2,power
AST-00470,Feeder Cable,Manhattan,2017,9,4,87.5,cable
AST-00471,Feeder Cable,Bronx,1990,36,1,53.4,cable
AST-00472,Feeder Cable,Manhattan,2022,4,3,100.0,cable
AST-00473,Substation,Queens,2009,17,2,88.7,power
AST-00474,Substation,Brooklyn,2017,9,4,97.0,power
AST-00475,Circuit Breaker House,Brooklyn,2021,5,2,89.0,breaker
AST-00476,Circuit Breaker House,Brooklyn,2009,17,5,61.3,breaker
AST-00477,Feeder Cable,Manhattan,2005,21,3,63.5,cable
AST-00478,Feeder Cable,Queens,2018,8,2,100.0,cable
AST-00479,Feeder Cable,Manhattan,2022,4,3,92.6,cable
AST-00480,Feeder Cable,Manhattan,2020,6,2,87.8,cable
AST-00481,Feeder Cable,Brooklyn,1999,27,2,80.4,cable
AST-00482,Circuit Breaker House,Bronx,1991,35,3,68.6,breaker
AST-00483,Feeder Cable,Queens,2018,8,2,91.0,cable
AST-00484,Circuit Breaker House,Bronx,2013,13,1,83.0,breaker
AST-00485,Substation,Queens,2012,14,3,83.0,power
AST-00486,Feeder Cable,Queens,2011,15,1,84.3,cable
AST-00487,Feeder Cable,Brooklyn,2016,10,2,99.7,cable
AST-00488,Circuit Breaker House,Bronx,2023,3,2,99.5,breaker
AST-00489,Feeder Cable,Brooklyn,2004,22,2,79.8,cable
AST-00490,Feeder Cable,Brooklyn,2011,15,5,90.9,cable
AST-00491,Feeder Cable,Queens,2012,14,3,75.7,cable
AST-00492,Feeder Cable,Brooklyn,2015,11,3,92.6,cable
AST-00493,Feeder Cable,Manhattan,1988,38,1,54.2,cable
AST-00494,Circuit Breaker House,Brooklyn,2001,25,3,53.6,breaker
AST-00495,Third Rail Segment,Brooklyn,2009,17,3,65.6,third_rail
AST-00496,Feeder Cable,Bronx,2017,9,2,82.5,cable
AST-00497,Feeder Cable,Brooklyn,1993,33,4,65.8,cable
AST-00498,Feeder Cable,Queens,1990,36,2,59.4,cable
AST-00499,Circuit Breaker House,Brooklyn,2024,2,3,99.0,breaker
AST-00500,Feeder Cable,Queens,1988,38,3,70.0,cable
AST-00501,Feeder Cable,Manhattan,1998,28,3,58.9,cable
AST-00502,Third Rail Segment,Bronx,2022,4,3,95.2,third_rail
AST-00503,Third Rail Segment,Brooklyn,1995,31,3,66.5,third_rail
AST-00504,Feeder Cable,Brooklyn,2021,5,3,89.1,cable
AST-00505,Feeder Cable,Manhattan,2023,3,2,96.7,cable
AST-00506,Third Rail Segment,Brooklyn,2021,5,4,83.1,third_rail
AST-00507,Circuit Breaker House,Brooklyn,2007,19,3,88.0,breaker
AST-00508,Third Rail Segment,Queens,2001,25,3,66.5,third_rail
AST-00509,Feeder Cable,Bronx,2009,17,3,94.7,cable
AST-00510,Substation,Queens,2021,5,4,94.0,power
AST-00511,Substation,Brooklyn,2018,8,3,98.0,power
AST-00512,Third Rail Segment,Brooklyn,1991,35,3,59.4,third_rail
AST-00513,Substation,Queens,1987,39,3,54.9,power
AST-00514,Circuit Breaker House,Bronx,1995,31,5,60.3,breaker
AST-00515,Circuit Breaker House,Brooklyn,2021,5,2,95.1,breaker
AST-00516,Substation,Bronx,1993,33,4,64.3,power
AST-00517,Circuit Breaker House,Brooklyn,1998,28,1,62.3,breaker
AST-00518,Feeder Cable,Queens,2004,22,3,73.8,cable
AST-00519,Substation,Bronx,2020,6,5,88.8,power
AST-00520,Third Rail Segment,Queens,1986,40,4,70.1,third_rail
AST-00521,Third Rail Segment,Manhattan,2008,18,3,78.7,third_rail
AST-00522,Circuit Breaker House,Queens,2024,2,3,100.0,breaker
AST-00523,Substation,Manhattan,2017,9,3,88.3,power
AST-00524,Feeder Cable,Queens,2009,17,3,82.3,cable
AST-00525,Substation,Brooklyn,2023,3,2,87.3,power
AST-00526,Circuit Breaker House,Queens,2013,13,3,81.9,breaker
AST-00527,Third Rail Segment,Bronx,2007,19,3,79.6,third_rail
AST-00528,Third Rail Segment,Manhattan,1988,38,2,67.4,third_rail
AST-00529,Third Rail Segment,Brooklyn,2022,4,2,97.0,third_rail
AST-00530,Circuit Breaker House,Queens,2002,24,2,82.1,breaker
AST-00531,Feeder Cable,Brooklyn,1989,37,4,61.9,cable
AST-00532,Feeder Cable,Manhattan,1993,33,4,73.4,cable
AST-00533,Circuit Breaker House,Manhattan,1989,37,3,57.0,breaker
AST-00534,Feeder Cable,Brooklyn,2019,7,4,100.0,cable
AST-00535,Substation,Queens,1993,33,3,58.7,power
AST-00536,Circuit Breaker House,Queens,1986,40,4,48.6,breaker
AST-00537,Feeder Cable,Manhattan,2012,14,4,75.4,cable
AST-00538,Substation,Brooklyn,2006,20,3,93.3,power
AST-00539,Substation,Brooklyn,2004,22,3,80.4,power
AST-00540,Third Rail Segment,Brooklyn,2006,20,5,74.7,third_rail
AST-00541,Third Rail Segment,Queens,2014,12,3,94.9,third_rail
AST-00542,Feeder Cable,Brooklyn,1987,39,3,60.0,cable
AST-00543,Third Rail Segment,Brooklyn,1987,39,4,68.9,third_rail
AST-00544,Third Rail Segment,Bronx,2010,16,3,70.8,third_rail
AST-00545,Substation,Brooklyn,1993,33,2,60.2,power
AST-00546,Feeder Cable,Queens,2010,16,4,78.4,cable
AST-00547,Circuit Breaker House,Manhattan,1994,32,3,49.4,breaker
AST-00548,Substation,Manhattan,2002,24,2,79.8,power
AST-00549,Third Rail Segment,Manhattan,2007,19,4,76.3,third_rail
AST-00550,Feeder Cable,Queens,2020,6,4,98.3,cable
AST-00551,Feeder Cable,Bronx,1999,27,2,85.5,cable
AST-00552,Substation,Manhattan,2013,13,5,82.6,power
AST-00553,Circuit Breaker House,Manhattan,2017,9,4,86.7,breaker
AST-00554,Third Rail Segment,Brooklyn,2018,8,3,91.6,third_rail
AST-00555,Substation,Queens,1986,40,5,60.9,power
AST-00556,Circuit Breaker House,Queens,2021,5,3,90.3,breaker
AST-00557,Circuit Breaker House,Queens,1994,32,3,58.8,breaker
AST-00558,Feeder Cable,Bronx,1991,35,3,67.2,cable
AST-00559,Feeder Cable,Brooklyn,2024,2,4,100.0,cable
AST-00560,Feeder Cable,Queens,2002,24,4,58.1,cable
AST-00561,Substation,Queens,2002,24,3,63.8,power
AST-00562,Circuit Breaker House,Brooklyn,2011,15,2,93.3,breaker
AST-00563,Third Rail Segment,Bronx,1999,27,3,71.8,third_rail
AST-00564,Feeder Cable,Manhattan,2009,17,3,75.1,cable
AST-00565,Feeder Cable,Queens,2008,18,2,78.1,cable
AST-00566,Feeder Cable,Queens,2008,18,2,79.4,cable
AST-00567,Third Rail Segment,Bronx,1993,33,4,67.2,third_rail
AST-00568,Substation,Brooklyn,2000,26,1,60.6,power
AST-00569,Circuit Breaker House,Brooklyn,2010,16,3,75.7,breaker
AST-00570,Feeder Cable,Queens,1988,38,3,58.2,cable
AST-00571,Circuit Breaker House,Queens,1993,33,5,61.4,breaker
AST-00572,Third Rail Segment,Brooklyn,1988,38,3,60.3,third_rail
AST-00573,Feeder Cable,Queens,1996,30,4,56.9,cable
AST-00574,Third Rail Segment,Brooklyn,2010,16,3,84.1,third_rail
AST-00575,Third Rail Segment,Queens,1995,31,3,72.0,third_rail
AST-00576,Feeder Cable,Bronx,2012,14,4,87.3,cable
AST-00577,Third Rail Segment,Brooklyn,2015,11,3,88.3,third_rail
AST-00578,Feeder Cable,Brooklyn,2007,19,4,77.5,cable
AST-00579,Third Rail Segment,Bronx,1987,39,2,49.3,third_rail
AST-00580,Circuit Breaker House,Queens,2003,23,3,73.0,breaker
AST-00581,Feeder Cable,Bronx,2010,16,4,90.4,cable
AST-00582,Feeder Cable,Brooklyn,2007,19,4,77.3,cable
AST-00583,Substation,Bronx,2014,12,5,80.0,power
AST-00584,Circuit Breaker House,Manhattan,1999,27,2,65.5,breaker
AST-00585,Third Rail Segment,Brooklyn,2011,15,2,84.2,third_rail
AST-00586,Feeder Cable,Brooklyn,2003,23,2,70.9,cable
AST-00587,Substation,Queens,2011,15,4,86.1,power
AST-00588,Circuit Breaker House,Bronx,2013,13,4,88.7,breaker
AST-00589,Circuit Breaker House,Queens,1987,39,3,61.4,breaker
AST-00590,Substation,Queens,2012,14,2,93.9,power
AST-00591,Third Rail Segment,Brooklyn,2023,3,4,100.0,third_rail
AST-00592,Feeder Cable,Brooklyn,2010,16,2,75.1,cable
AST-00593,Circuit Breaker House,Brooklyn,2004,22,4,68.4,breaker
AST-00594,Feeder Cable,Manhattan,2022,4,5,94.9,cable
AST-00595,Substation,Brooklyn,2013,13,4,81.9,power
AST-00596,Circuit Breaker House,Bronx,2019,7,4,84.0,breaker
AST-00597,Feeder Cable,Queens,2005,21,3,72.8,cable
AST-00598,Feeder Cable,Queens,1997,29,1,63.3,cable
AST-00599,Third Rail Segment,Brooklyn,1987,39,3,50.4,third_rail
AST-00600,Feeder Cable,Brooklyn,2010,16,2,79.4,cable
AST-00601,Feeder Cable,Manhattan,1991,35,2,68.0,cable
AST-00602,Third Rail Segment,Brooklyn,2017,9,5,91.0,third_rail
AST-00603,Third Rail Segment,Brooklyn,1994,32,3,80.5,third_rail
AST-00604,Feeder Cable,Brooklyn,2003,23,4,74.7,cable
AST-00605,Third Rail Segment,Manhattan,1995,31,3,62.3,third_rail
AST-00606,Third Rail Segment,Queens,1995,31,3,64.4,third_rail
AST-00607,Third Rail Segment,Brooklyn,2004,22,4,76.5,third_rail
AST-00608,Substation,Brooklyn,2015,11,3,90.4,power
AST-00609,Feeder Cable,Manhattan,2004,22,4,89.2,cable
AST-00610,Feeder Cable,Brooklyn,1992,34,3,55.0,cable
AST-00611,Feeder Cable,Brooklyn,1987,39,3,61.2,cable
AST-00612,Feeder Cable,Brooklyn,1988,38,2,57.8,cable
AST-00613,Third Rail Segment,Queens,2018,8,1,79.8,third_rail
AST-00614,Third Rail Segment,Manhattan,2002,24,3,77.8,third_rail
AST-00615,Circuit Breaker House,Bronx,2021,5,3,100.0,breaker
AST-00616,Feeder Cable,Manhattan,1999,27,2,62.9,cable
AST-00617,Feeder Cable,Brooklyn,1986,40,3,53.9,cable
AST-00618,Circuit Breaker House,Manhattan,2023,3,3,84.5,breaker
AST-00619,Substation,Brooklyn,1999,27,1,60.1,power
AST-00620,Substation,Brooklyn,1988,38,2,63.6,power
AST-00621,Third Rail Segment,Bronx,1992,34,4,57.6,third_rail
AST-00622,Feeder Cable,Brooklyn,2010,16,4,73.8,cable
AST-00623,Third Rail Segment,Queens,2021,5,2,95.9,third_rail
AST-00624,Feeder Cable,Manhattan,1989,37,3,53.8,cable
AST-00625,Third Rail Segment,Manhattan,1989,37,4,54.2,third_rail
AST-00626,Feeder Cable,Brooklyn,2002,24,4,77.6,cable
AST-00627,Third Rail Segment,Brooklyn,1986,40,3,45.9,third_rail
AST-00628,Substation,Brooklyn,2025,1,3,92.5,power
AST-00629,Feeder Cable,Bronx,2001,25,3,72.3,cable
AST-00630,Third Rail Segment,Queens,2024,2,4,100.0,third_rail
AST-00631,Third Rail Segment,Bronx,1988,38,3,65.0,third_rail
AST-00632,Third Rail Segment,Brooklyn,1998,28,4,63.1,third_rail
AST-00633,Substation,Queens,1989,37,3,64.0,power
AST-00634,Circuit Breaker House,Queens,2003,23,4,68.1,breaker
AST-00635,Substation,Queens,2022,4,3,100.0,power
AST-00636,Substation,Bronx,2024,2,4,89.8,power
AST-00637,Feeder Cable,Queens,2012,14,4,93.2,cable
AST-00638,Feeder Cable,Bronx,1996,30,2,60.9,cable
AST-00639,Third Rail Segment,Queens,2019,7,1,100.0,third_rail
AST-00640,Third Rail Segment,Manhattan,1991,35,5,63.9,third_rail
AST-00641,Feeder Cable,Queens,2016,10,3,81.4,cable
AST-00642,Third Rail Segment,Brooklyn,2006,20,1,73.3,third_rail
AST-00643,Substation,Bronx,2017,9,2,95.1,power
AST-00644,Circuit Breaker House,Queens,2007,19,4,85.5,breaker
AST-00645,Feeder Cable,Manhattan,2007,19,3,77.7,cable
AST-00646,Third Rail Segment,Manhattan,2025,1,3,99.2,third_rail
AST-00647,Substation,Manhattan,2003,23,5,78.9,power
AST-00648,Feeder Cable,Brooklyn,1994,32,2,64.1,cable
AST-00649,Feeder Cable,Manhattan,1988,38,2,47.2,cable
AST-00650,Substation,Queens,2012,14,3,78.2,power
AST-00651,Feeder Cable,Queens,1990,36,4,60.2,cable
AST-00652,Third Rail Segment,Bronx,1990,36,4,67.1,third_rail
AST-00653,Feeder Cable,Brooklyn,1986,40,4,65.3,cable
AST-00654,Circuit Breaker House,Brooklyn,2011,15,3,88.2,breaker
AST-00655,Third Rail Segment,Manhattan,1991,35,4,61.8,third_rail
AST-00656,Circuit Breaker House,Bronx,2003,23,3,78.8,breaker
AST-00657,Third Rail Segment,Manhattan,2023,3,3,91.9,third_rail
AST-00658,Circuit Breaker House,Manhattan,2015,11,3,86.3,breaker
AST-00659,Feeder Cable,Manhattan,1999,27,3,63.2,cable
AST-00660,Circuit Breaker House,Queens,2019,7,4,83.2,breaker
AST-00661,Circuit Breaker House,Manhattan,2008,18,4,81.6,breaker
AST-00662,Third Rail Segment,Queens,1995,31,3,65.6,third_rail
AST-00663,Circuit Breaker House,Queens,2020,6,2,97.9,breaker
AST-00664,Substation,Queens,2006,20,3,80.8,power
AST-00665,Circuit Breaker House,Manhattan,2017,9,3,91.3,breaker
AST-00666,Feeder Cable,Manhattan,2004,22,3,78.6,cable
AST-00667,Third Rail Segment,Brooklyn,2016,10,5,88.2,third_rail
AST-00668,Third Rail Segment,Manhattan,1987,39,3,58.0,third_rail
AST-00669,Circuit Breaker House,Queens,2022,4,4,90.3,breaker
AST-00670,Feeder Cable,Brooklyn,1987,39,4,57.7,cable
AST-00671,Substation,Brooklyn,1994,32,3,67.9,power
AST-00672,Feeder Cable,Manhattan,1991,35,5,55.1,cable
AST-00673,Third Rail Segment,Queens,1991,35,3,60.1,third_rail
AST-00674,Feeder Cable,Manhattan,2018,8,4,86.4,cable
AST-00675,Feeder Cable,Queens,1988,38,2,52.6,cable
AST-00676,Circuit Breaker House,Manhattan,2002,24,3,64.5,breaker
AST-00677,Third Rail Segment,Bronx,1987,39,3,64.0,third_rail
AST-00678,Feeder Cable,Queens,1990,36,4,66.1,cable
AST-00679,Substation,Manhattan,2002,24,4,76.2,power
AST-00680,Circuit Breaker House,Manhattan,2011,15,4,96.6,breaker
AST-00681,Substation,Brooklyn,2021,5,3,92.9,power
AST-00682,Circuit Breaker House,Manhattan,2021,5,3,100.0,breaker
AST-00683,Substation,Manhattan,2010,16,5,80.0,power
AST-00684,Feeder Cable,Bronx,1993,33,4,63.8,cable
AST-00685,Feeder Cable,Queens,2005,21,2,73.1,cable
AST-00686,Circuit Breaker House,Manhattan,2006,20,3,79.6,breaker
AST-00687,Feeder Cable,Queens,2016,10,2,94.3,cable
AST-00688,Third Rail Segment,Brooklyn,2003,23,4,72.8,third_rail
AST-00689,Third Rail Segment,Bronx,2000,26,3,82.5,third_rail
AST-00690,Feeder Cable,Manhattan,1986,40,3,55.7,cable
AST-00691,Circuit Breaker House,Queens,1996,30,3,67.4,breaker
AST-00692,Third Rail Segment,Queens,2001,25,4,64.9,third_rail
AST-00693,Circuit Breaker House,Manhattan,1989,37,2,60.4,breaker
AST-00694,Circuit Breaker House,Manhattan,2009,17,2,79.5,breaker
AST-00695,Third Rail Segment,Brooklyn,1988,38,3,52.0,third_rail
AST-00696,Feeder Cable,Bronx,2011,15,4,77.3,cable
AST-00697,Feeder Cable,Brooklyn,2020,6,4,100.0,cable
AST-00698,Feeder Cable,Queens,2009,17,2,78.6,cable
AST-00699,Feeder Cable,Queens,2020,6,4,82.9,cable
AST-00700,Circuit Breaker House,Queens,2021,5,2,89.4,breaker
AST-00701,Circuit Breaker House,Brooklyn,1990,36,3,58.2,breaker
AST-00702,Circuit Breaker House,Brooklyn,1994,32,2,67.0,breaker
AST-00703,Substation,Queens,2017,9,5,93.5,power
AST-00704,Third Rail Segment,Brooklyn,1992,34,4,65.6,third_rail
AST-00705,Circuit Breaker House,Bronx,2023,3,4,92.0,breaker
AST-00706,Feeder Cable,Manhattan,2014,12,4,88.6,cable
AST-00707,Third Rail Segment,Manhattan,1997,29,5,60.5,third_rail
AST-00708,Third Rail Segment,Queens,2013,13,1,80.7,third_rail
AST-00709,Feeder Cable,Brooklyn,1996,30,2,59.1,cable
AST-00710,Feeder Cable,Manhattan,1991,35,3,51.4,cable
AST-00711,Third Rail Segment,Manhattan,2023,3,2,100.0,third_rail
AST-00712,Feeder Cable,Brooklyn,2025,1,2,100.0,cable
AST-00713,Third Rail Segment,Bronx,1988,38,3,63.1,third_rail
AST-00714,Third Rail Segment,Manhattan,2005,21,2,76.1,third_rail
AST-00715,Third Rail Segment,Manhattan,2005,21,4,81.3,third_rail
AST-00716,Circuit Breaker House,Brooklyn,2007,19,3,65.8,breaker
AST-00717,Feeder Cable,Bronx,2008,18,4,85.3,cable
AST-00718,Substation,Brooklyn,1998,28,4,69.0,power
AST-00719,Feeder Cable,Bronx,2002,24,4,76.8,cable
AST-00720,Third Rail Segment,Bronx,2019,7,3,94.6,third_rail
AST-00721,Feeder Cable,Brooklyn,2000,26,5,63.2,cable
AST-00722,Feeder Cable,Queens,1999,27,3,58.5,cable
AST-00723,Substation,Queens,2021,5,1,89.3,power
AST-00724,Third Rail Segment,Brooklyn,2010,16,2,85.6,third_rail
AST-00725,Substation,Brooklyn,1994,32,1,68.0,power
AST-00726,Substation,Queens,2001,25,3,61.7,power
AST-00727,Circuit Breaker House,Queens,2020,6,3,86.2,breaker
AST-00728,Substation,Queens,2024,2,3,92.6,power
AST-00729,Feeder Cable,Bronx,2002,24,5,69.9,cable
AST-00730,Feeder Cable,Brooklyn,2007,19,4,68.6,cable
AST-00731,Circuit Breaker House,Queens,1987,39,4,45.2,breaker
AST-00732,Substation,Bronx,2005,21,2,70.1,power
AST-00733,Substation,Manhattan,1988,38,2,56.9,power
AST-00734,Circuit Breaker House,Manhattan,2017,9,3,81.4,breaker
AST-00735,Substation,Brooklyn,2008,18,3,78.5,power
AST-00736,Feeder Cable,Bronx,2020,6,1,100.0,cable
AST-00737,Circuit Breaker House,Brooklyn,2003,23,3,64.4,breaker
AST-00738,Circuit Breaker House,Queens,2018,8,3,89.4,breaker
AST-00739,Circuit Breaker House,Manhattan,2006,20,3,84.2,breaker
AST-00740,Feeder Cable,Brooklyn,2012,14,2,81.0,cable
AST-00741,Substation,Queens,2018,8,3,86.8,power
AST-00742,Substation,Manhattan,2022,4,3,100.0,power
AST-00743,Third Rail Segment,Bronx,2005,21,3,73.7,third_rail
AST-00744,Substation,Manhattan,1988,38,4,64.0,power
AST-00745,Feeder Cable,Bronx,2018,8,4,93.8,cable
AST-00746,Feeder Cable,Manhattan,2009,17,3,78.1,cable
AST-00747,Circuit Breaker House,Bronx,2017,9,3,93.0,breaker
AST-00748,Feeder Cable,Queens,1993,33,4,64.3,cable
AST-00749,Third Rail Segment,Manhattan,2009,17,4,87.6,third_rail
AST-00750,Third Rail Segment,Manhattan,1987,39,3,51.3,third_rail
AST-00751,Circuit Breaker House,Manhattan,2016,10,4,88.8,breaker
AST-00752,Circuit Breaker House,Queens,2022,4,4,95.0,breaker
AST-00753,Circuit Breaker House,Queens,2002,24,4,77.3,breaker
AST-00754,Feeder Cable,Brooklyn,1999,27,5,61.8,cable
AST-00755,Feeder Cable,Brooklyn,1986,40,2,61.1,cable
AST-00756,Circuit Breaker House,Queens,1991,35,3,63.0,breaker
AST-00757,Circuit Breaker House,Brooklyn,1990,36,3,49.4,breaker
AST-00758,Third Rail Segment,Queens,2000,26,3,78.6,third_rail
AST-00759,Substation,Brooklyn,2011,15,3,98.4,power
AST-00760,Feeder Cable,Queens,2008,18,2,86.3,cable
AST-00761,Feeder Cable,Bronx,2020,6,3,100.0,cable
AST-00762,Substation,Brooklyn,2008,18,2,79.9,power
AST-00763,Substation,Manhattan,2011,15,3,71.1,power
AST-00764,Substation,Manhattan,2024,2,2,84.8,power
AST-00765,Third Rail Segment,Queens,2017,9,2,91.4,third_rail
AST-00766,Substation,Brooklyn,2004,22,3,70.6,power
AST-00767,Circuit Breaker House,Bronx,2011,15,3,76.3,breaker
AST-00768,Substation,Queens,1986,40,4,53.6,power
AST-00769,Substation,Brooklyn,2006,20,5,81.3,power
AST-00770,Feeder Cable,Queens,1987,39,3,45.0,cable
AST-00771,Circuit Breaker House,Brooklyn,1999,27,4,65.8,breaker
AST-00772,Feeder Cable,Queens,2024,2,2,100.0,cable
AST-00773,Feeder Cable,Manhattan,2017,9,2,82.1,cable
AST-00774,Third Rail Segment,Queens,1997,29,5,72.7,third_rail
AST-00775,Substation,Bronx,2004,22,2,71.3,power
AST-00776,Third Rail Segment,Queens,2013,13,2,88.9,third_rail
AST-00777,Feeder Cable,Bronx,2005,21,3,83.5,cable
AST-00778,Substation,Brooklyn,1989,37,3,62.6,power
AST-00779,Third Rail Segment,Queens,2010,16,2,88.0,third_rail
AST-00780,Third Rail Segment,Queens,2024,2,3,89.6,third_rail
AST-00781,Circuit Breaker House,Queens,2013,13,4,92.8,breaker
AST-00782,Third Rail Segment,Manhattan,1988,38,2,50.3,third_rail
AST-00783,Feeder Cable,Manhattan,1995,31,2,66.2,cable
AST-00784,Feeder Cable,Queens,1992,34,4,62.7,cable
AST-00785,Third Rail Segment,Manhattan,1989,37,4,60.8,third_rail
AST-00786,Circuit Breaker House,Queens,2021,5,3,96.6,breaker
AST-00787,Third Rail Segment,Bronx,2014,12,2,80.3,third_rail
AST-00788,Circuit Breaker House,Bronx,2023,3,2,87.1,breaker
AST-00789,Third Rail Segment,Manhattan,2025,1,3,100.0,third_rail
AST-00790,Feeder Cable,Bronx,1992,34,4,62.2,cable
AST-00791,Circuit Breaker House,Manhattan,1988,38,2,64.3,breaker
AST-00792,Feeder Cable,Brooklyn,2019,7,3,91.6,cable
AST-00793,Circuit Breaker House,Bronx,1997,29,4,56.8,breaker
AST-00794,Substation,Manhattan,2004,22,1,81.5,power
AST-00795,Substation,Manhattan,2023,3,4,94.0,power
AST-00796,Circuit Breaker House,Manhattan,1989,37,2,59.8,breaker
AST-00797,Substation,Brooklyn,1991,35,4,55.2,power
AST-00798,Substation,Queens,2003,23,3,85.1,power
AST-00799,Feeder Cable,Manhattan,1997,29,4,60.5,cable
AST-00800,Feeder Cable,Manhattan,2010,16,4,79.2,cable
AST-00801,Feeder Cable,Queens,1994,32,1,64.0,cable
AST-00802,Circuit Breaker House,Manhattan,2008,18,2,71.7,breaker
AST-00803,Third Rail Segment,Queens,1986,40,3,56.3,third_rail
AST-00804,Feeder Cable,Bronx,2023,3,3,100.0,cable
AST-00805,Substation,Queens,2019,7,4,88.5,power
AST-00806,Substation,Bronx,1987,39,4,57.9,power
AST-00807,Feeder Cable,Brooklyn,2014,12,4,67.0,cable
AST-00808,Substation,Bronx,2013,13,3,84.8,power
AST-00809,Feeder Cable,Manhattan,1994,32,1,61.0,cable
AST-00810,Third Rail Segment,Manhattan,2018,8,3,85.1,third_rail
AST-00811,Substation,Queens,2005,21,4,83.4,power
AST-00812,Substation,Manhattan,2014,12,2,83.9,power
AST-00813,Third Rail Segment,Bronx,2018,8,4,89.6,third_rail
AST-00814,Feeder Cable,Queens,1987,39,4,52.5,cable
AST-00815,Substation,Bronx,2018,8,3,77.4,power
AST-00816,Third Rail Segment,Brooklyn,2022,4,1,87.5,third_rail
AST-00817,Third Rail Segment,Brooklyn,1999,27,2,75.7,third_rail
AST-00818,Feeder Cable,Queens,1991,35,5,45.0,cable
AST-00819,Feeder Cable,Manhattan,2020,6,3,87.7,cable
AST-00820,Circuit Breaker House,Brooklyn,1997,29,1,63.9,breaker
AST-00821,Substation,Queens,2004,22,4,86.9,power
AST-00822,Feeder Cable,Bronx,1992,34,3,66.3,cable
AST-00823,Circuit Breaker House,Queens,2020,6,4,89.2,breaker
AST-00824,Feeder Cable,Manhattan,1986,40,3,63.1,cable
AST-00825,Third Rail Segment,Brooklyn,2001,25,4,66.1,third_rail
AST-00826,Substation,Queens,1992,34,4,68.0,power
AST-00827,Feeder Cable,Manhattan,2011,15,4,73.2,cable
AST-00828,Circuit Breaker House,Brooklyn,1988,38,5,63.8,breaker
AST-00829,Third Rail Segment,Brooklyn,2000,26,4,67.3,third_rail
AST-00830,Circuit Breaker House,Manhattan,2020,6,2,85.9,breaker
AST-00831,Feeder Cable,Brooklyn,1989,37,4,55.9,cable
AST-00832,Feeder Cable,Manhattan,1994,32,4,65.1,cable
AST-00833,Circuit Breaker House,Queens,2013,13,4,81.6,breaker
AST-00834,Feeder Cable,Manhattan,2004,22,3,78.6,cable
AST-00835,Feeder Cable,Queens,2010,16,4,77.5,cable
AST-00836,Feeder Cable,Manhattan,2004,22,4,79.0,cable
AST-00837,Third Rail Segment,Bronx,1987,39,5,58.2,third_rail
AST-00838,Third Rail Segment,Manhattan,1990,36,2,58.2,third_rail
AST-00839,Feeder Cable,Brooklyn,2017,9,3,86.6,cable
AST-00840,Feeder Cable,Brooklyn,1987,39,3,56.2,cable
AST-00841,Substation,Manhattan,2008,18,3,83.2,power
AST-00842,Third Rail Segment,Brooklyn,1997,29,2,81.1,third_rail
AST-00843,Feeder Cable,Bronx,1995,31,1,70.9,cable
AST-00844,Feeder Cable,Bronx,2006,20,3,83.8,cable
AST-00845,Substation,Brooklyn,2007,19,4,99.8,power
AST-00846,Third Rail Segment,Manhattan,2007,19,3,81.8,third_rail
AST-00847,Circuit Breaker House,Queens,1991,35,5,63.1,breaker
AST-00848,Feeder Cable,Queens,2010,16,3,86.5,cable
AST-00849,Substation,Manhattan,2014,12,4,79.1,power
AST-00850,Third Rail Segment,Queens,2011,15,3,79.6,third_rail
AST-00851,Substation,Brooklyn,2018,8,4,87.3,power
AST-00852,Circuit Breaker House,Queens,2010,16,3,86.1,breaker
AST-00853,Third Rail Segment,Brooklyn,2021,5,5,93.0,third_rail
AST-00854,Third Rail Segment,Brooklyn,2022,4,3,96.4,third_rail
AST-00855,Circuit Breaker House,Manhattan,1997,29,4,74.3,breaker
AST-00856,Feeder Cable,Queens,2022,4,4,100.0,cable
AST-00857,Feeder Cable,Manhattan,2003,23,3,72.4,cable
AST-00858,Third Rail Segment,Queens,1994,32,4,58.5,third_rail
AST-00859,Circuit Breaker House,Queens,1997,29,5,74.6,breaker
AST-00860,Feeder Cable,Queens,2008,18,3,84.7,cable
AST-00861,Feeder Cable,Manhattan,2018,8,4,79.6,cable
AST-00862,Feeder Cable,Brooklyn,1988,38,4,54.1,cable
AST-00863,Third Rail Segment,Brooklyn,1992,34,4,62.1,third_rail
AST-00864,Feeder Cable,Queens,2001,25,3,76.7,cable
AST-00865,Substation,Bronx,2022,4,1,100.0,power
AST-00866,Third Rail Segment,Brooklyn,2024,2,4,99.7,third_rail
AST-00867,Third Rail Segment,Bronx,2013,13,1,89.1,third_rail
AST-00868,Third Rail Segment,Manhattan,2019,7,5,92.4,third_rail
AST-00869,Substation,Brooklyn,1991,35,3,55.0,power
AST-00870,Circuit Breaker House,Manhattan,2017,9,4,87.8,breaker
AST-00871,Feeder Cable,Queens,2014,12,2,86.3,cable
AST-00872,Substation,Manhattan,1986,40,2,53.8,power
AST-00873,Third Rail Segment,Brooklyn,1993,33,3,48.9,third_rail
AST-00874,Circuit Breaker House,Queens,2017,9,3,86.9,breaker
AST-00875,Feeder Cable,Brooklyn,2010,16,3,82.0,cable
AST-00876,Third Rail Segment,Manhattan,2005,21,3,73.9,third_rail
AST-00877,Circuit Breaker House,Manhattan,1999,27,5,67.2,breaker
AST-00878,Circuit Breaker House,Brooklyn,1988,38,4,59.7,breaker
AST-00879,Feeder Cable,Brooklyn,1991,35,4,52.2,cable
AST-00880,Feeder Cable,Manhattan,1986,40,4,42.6,cable
AST-00881,Feeder Cable,Queens,2024,2,5,95.3,cable
AST-00882,Feeder Cable,Manhattan,2016,10,3,93.8,cable
AST-00883,Third Rail Segment,Queens,2003,23,1,85.4,third_rail
AST-00884,Feeder Cable,Brooklyn,2024,2,3,100.0,cable
AST-00885,Circuit Breaker House,Manhattan,2011,15,4,72.5,breaker
AST-00886,Circuit Breaker House,Manhattan,2019,7,2,90.3,breaker
AST-00887,Circuit Breaker House,Manhattan,1988,38,3,58.1,breaker
AST-00888,Substation,Manhattan,2023,3,3,97.8,power
AST-00889,Substation,Brooklyn,2020,6,5,96.9,power
AST-00890,Feeder Cable,Bronx,2018,8,4,84.4,cable
AST-00891,Circuit Breaker House,Bronx,2020,6,4,93.6,breaker
AST-00892,Third Rail Segment,Brooklyn,2003,23,4,76.5,third_rail
AST-00893,Circuit Breaker House,Queens,2011,15,3,88.5,breaker
AST-00894,Substation,Queens,1989,37,3,51.8,power
AST-00895,Third Rail Segment,Queens,2015,11,2,84.9,third_rail
AST-00896,Third Rail Segment,Manhattan,2004,22,1,55.8,third_rail
AST-00897,Circuit Breaker House,Brooklyn,1999,27,3,64.6,breaker
AST-00898,Circuit Breaker House,Brooklyn,2000,26,4,66.4,breaker
AST-00899,Circuit Breaker House,Manhattan,1994,32,4,56.1,breaker
AST-00900,Feeder Cable,Brooklyn,2017,9,5,90.8,cable
AST-00901,Feeder Cable,Bronx,2005,21,5,75.5,cable
AST-00902,Circuit Breaker House,Bronx,1993,33,2,46.2,breaker
AST-00903,Substation,Manhattan,1991,35,3,61.3,power
AST-00904,Feeder Cable,Brooklyn,2001,25,4,64.8,cable
AST-00905,Third Rail Segment,Brooklyn,1999,27,5,72.3,third_rail
AST-00906,Feeder Cable,Brooklyn,1991,35,5,50.8,cable
AST-00907,Feeder Cable,Queens,2001,25,4,71.5,cable
AST-00908,Substation,Manhattan,1988,38,3,54.3,power
AST-00909,Circuit Breaker House,Bronx,2020,6,2,95.2,breaker
AST-00910,Circuit Breaker House,Bronx,2012,14,4,84.8,breaker
AST-00911,Third Rail Segment,Queens,2021,5,2,92.5,third_rail
AST-00912,Third Rail Segment,Queens,2022,4,3,84.6,third_rail
AST-00913,Third Rail Segment,Brooklyn,2007,19,3,67.8,third_rail
AST-00914,Third Rail Segment,Brooklyn,2016,10,5,84.4,third_rail
AST-00915,Third Rail Segment,Manhattan,2009,17,3,80.4,third_rail
AST-00916,Third Rail Segment,Queens,2008,18,1,75.0,third_rail
AST-00917,Substation,Manhattan,2001,25,4,75.6,power
AST-00918,Substation,Queens,1988,38,3,54.3,power
AST-00919,Circuit Breaker House,Brooklyn,1992,34,3,54.1,breaker
AST-00920,Feeder Cable,Brooklyn,2010,16,3,79.7,cable
AST-00921,Substation,Brooklyn,2012,14,3,85.5,power
AST-00922,Third Rail Segment,Bronx,1995,31,4,66.6,third_rail
AST-00923,Feeder Cable,Manhattan,2021,5,2,100.0,cable
AST-00924,Feeder Cable,Manhattan,2004,22,3,70.0,cable
AST-00925,Substation,Manhattan,2009,17,4,79.9,power
AST-00926,Circuit Breaker House,Queens,2018,8,3,93.8,breaker
AST-00927,Substation,Bronx,2001,25,2,71.1,power
AST-00928,Third Rail Segment,Manhattan,2013,13,4,81.5,third_rail
AST-00929,Feeder Cable,Bronx,2018,8,4,80.0,cable
AST-00930,Feeder Cable,Brooklyn,1999,27,3,65.4,cable
AST-00931,Circuit Breaker House,Queens,2019,7,1,84.4,breaker
AST-00932,Circuit Breaker House,Manhattan,1999,27,4,56.9,breaker
AST-00933,Feeder Cable,Brooklyn,2019,7,2,86.4,cable
AST-00934,Third Rail Segment,Queens,2008,18,4,72.0,third_rail
AST-00935,Third Rail Segment,Brooklyn,1993,33,2,66.1,third_rail
AST-00936,Circuit Breaker House,Manhattan,2016,10,2,92.7,breaker
AST-00937,Third Rail Segment,Queens,1995,31,3,58.0,third_rail
AST-00938,Substation,Bronx,1997,29,3,64.8,power
AST-00939,Third Rail Segment,Brooklyn,1989,37,3,44.4,third_rail
AST-00940,Substation,Queens,2019,7,4,88.5,power
AST-00941,Circuit Breaker House,Queens,1997,29,3,69.4,breaker
AST-00942,Third Rail Segment,Manhattan,1988,38,4,62.1,third_rail
AST-00943,Substation,Bronx,1995,31,3,59.4,power
AST-00944,Feeder Cable,Brooklyn,2018,8,3,98.2,cable
AST-00945,Feeder Cable,Queens,1993,33,2,51.4,cable
AST-00946,Circuit Breaker House,Manhattan,2021,5,2,85.5,breaker
AST-00947,Feeder Cable,Brooklyn,2002,24,3,77.4,cable
AST-00948,Third Rail Segment,Brooklyn,2006,20,3,88.7,third_rail
AST-00949,Third Rail Segment,Brooklyn,2004,22,1,78.2,third_rail
AST-00950,Circuit Breaker House,Bronx,2005,21,3,75.6,breaker
AST-00951,Feeder Cable,Bronx,2024,2,2,82.3,cable
AST-00952,Circuit Breaker House,Manhattan,2005,21,5,61.7,breaker
AST-00953,Circuit Breaker House,Brooklyn,1988,38,1,57.2,breaker
AST-00954,Substation,Brooklyn,2008,18,2,76.8,power
AST-00955,Third Rail Segment,Brooklyn,2014,12,4,78.5,third_rail
AST-00956,Third Rail Segment,Brooklyn,1986,40,5,54.5,third_rail
AST-00957,Third Rail Segment,Bronx,2022,4,2,96.2,third_rail
AST-00958,Feeder Cable,Queens,2006,20,3,83.6,cable
AST-00959,Feeder Cable,Manhattan,2005,21,4,76.8,cable
AST-00960,Feeder Cable,Brooklyn,2006,20,1,85.6,cable
AST-00961,Feeder Cable,Queens,1989,37,1,57.5,cable
AST-00962,Feeder Cable,Brooklyn,2009,17,3,79.6,cable
AST-00963,Substation,Manhattan,1987,39,5,62.6,power
AST-00964,Substation,Brooklyn,2023,3,3,89.7,power
AST-00965,Third Rail Segment,Brooklyn,1996,30,3,85.2,third_rail
AST-00966,Feeder Cable,Manhattan,2002,24,4,75.0,cable
AST-00967,Third Rail Segment,Queens,2016,10,5,91.2,third_rail
AST-00968,Substation,Brooklyn,2016,10,3,92.2,power
AST-00969,Feeder Cable,Queens,1997,29,3,79.8,cable
AST-00970,Circuit Breaker House,Brooklyn,2000,26,5,75.6,breaker
AST-00971,Circuit Breaker House,Bronx,2001,25,2,60.0,breaker
AST-00972,Substation,Manhattan,2023,3,4,100.0,power
AST-00973,Substation,Manhattan,2002,24,2,70.0,power
AST-00974,Third Rail Segment,Brooklyn,1986,40,3,54.8,third_rail
AST-00975,Circuit Breaker House,Brooklyn,2025,1,3,89.9,breaker
AST-00976,Feeder Cable,Brooklyn,2007,19,2,81.8,cable
AST-00977,Feeder Cable,Queens,2006,20,2,72.4,cable
AST-00978,Feeder Cable,Manhattan,1990,36,3,59.3,cable
AST-00979,Feeder Cable,Manhattan,2014,12,4,84.2,cable
AST-00980,Circuit Breaker House,Brooklyn,2006,20,3,90.5,breaker
AST-00981,Third Rail Segment,Queens,1997,29,3,80.5,third_rail
AST-00982,Third Rail Segment,Bronx,2023,3,4,96.9,third_rail
AST-00983,Feeder Cable,Queens,1993,33,2,62.5,cable
AST-00984,Feeder Cable,Queens,1993,33,4,59.4,cable
AST-00985,Substation,Queens,1997,29,4,74.4,power
AST-00986,Third Rail Segment,Queens,2000,26,5,67.8,third_rail
AST-00987,Circuit Breaker House,Manhattan,1996,30,3,62.6,breaker
AST-00988,Substation,Queens,1994,32,3,70.1,power
AST-00989,Circuit Breaker House,Queens,1989,37,4,53.7,breaker
AST-00990,Third Rail Segment,Brooklyn,2008,18,4,79.0,third_rail
AST-00991,Feeder Cable,Queens,2007,19,3,67.1,cable
AST-00992,Third Rail Segment,Brooklyn,2000,26,3,75.0,third_rail
AST-00993,Third Rail Segment,Brooklyn,2018,8,4,100.0,third_rail
AST-00994,Circuit Breaker House,Manhattan,1991,35,2,64.8,breaker
AST-00995,Third Rail Segment,Queens,1995,31,3,74.6,third_rail
AST-00996,Feeder Cable,Bronx,2000,26,3,64.2,cable
AST-00997,Feeder Cable,Manhattan,2013,13,4,86.7,cable
AST-00998,Substation,Brooklyn,2012,14,3,77.3,power
AST-00999,Third Rail Segment,Manhattan,2008,18,1,77.7,third_rail
AST-01000,Circuit Breaker House,Manhattan,1999,27,1,74.4,breaker
